,Title,Director,Year
0,Guardians of the Galaxy,James Gunn,2014
1,Prometheus,Ridley Scott,2012
2,Split,M. Night Shyamalan,2016
3,Sing,Christophe Lourdelet,2016
4,Suicide Squad,David Ayer,2016
5,The Great Wall,Yimou Zhang,2016
6,La La Land,Damien Chazelle,2016
7,Mindhorn,Sean Foley,2016
8,The Lost City of Z,James Gray,2016
9,Passengers,Morten Tyldum,2016
10,Fantastic Beasts and Where to Find Them,David Yates,2016
11,Hidden Figures,Theodore Melfi,2016
12,Rogue One,Gareth Edwards,2016
13,Moana,Ron Clements,2016
14,Colossal,Nacho Vigalondo,2016
15,The Secret Life of Pets,Chris Renaud,2016
16,Hacksaw Ridge,Mel Gibson,2016
17,Jason Bourne,Paul Greengrass,2016
18,Lion,Garth Davis,2016
19,Arrival,Denis Villeneuve,2016
20,Gold,Stephen Gaghan,2016
21,Manchester by the Sea,Kenneth Lonergan,2016
22,Hounds of Love,Ben Young,2016
23,Trolls,Walt Dohrn,2016
24,Independence Day: Resurgence,Roland Emmerich,2016
25,Paris pieds nus,Dominique Abel,2016
26,Bahubali: The Beginning,S.S. Rajamouli,2015
27,Dead Awake,Phillip Guzman,2016
28,Bad Moms,Jon Lucas,2016
29,Assassin's Creed,Justin Kurzel,2016
30,Why Him?,John Hamburg,2016
31,Nocturnal Animals,Tom Ford,2016
32,X-Men: Apocalypse,Bryan Singer,2016
33,Deadpool,Tim Miller,2016
34,Resident Evil: The Final Chapter,Paul W.S. Anderson,2016
35,Captain America: Civil War,Anthony Russo,2016
36,Interstellar,Christopher Nolan,2014
37,Doctor Strange,Scott Derrickson,2016
38,The Magnificent Seven,Antoine Fuqua,2016
39,5/25/1977,Patrick Read Johnson,2007
40,Sausage Party,Greg Tiernan,2016
41,Moonlight,Barry Jenkins,2016
42,Don't Fuck in the Woods,Shawn Burkett,2016
43,The Founder,John Lee Hancock,2016
44,Lowriders,Ricardo de Montreuil,2016
45,Pirates of the Caribbean: On Stranger Tides,Rob Marshall,2011
46,Miss Sloane,John Madden,2016
47,Fallen,Scott Hicks,2016
48,Star Trek Beyond,Justin Lin,2016
49,The Last Face,Sean Penn,2016
50,Star Wars: Episode VII - The Force Awakens,J.J. Abrams,2015
51,Underworld: Blood Wars,Anna Foerster,2016
52,Mother's Day,Garry Marshall,2016
53,John Wick,Chad Stahelski,2014
54,The Dark Knight,Christopher Nolan,2008
55,Silence,Martin Scorsese,2016
56,Don't Breathe,Fede Alvarez,2016
57,Me Before You,Thea Sharrock,2016
58,Their Finest,Lone Scherfig,2016
59,Sully,Clint Eastwood,2016
60,Batman v Superman: Dawn of Justice,Zack Snyder,2016
61,The Autopsy of Jane Doe,André Øvredal,2016
62,The Girl on the Train,Tate Taylor,2016
63,Fifty Shades of Grey,Sam Taylor-Johnson,2015
64,The Prestige,Christopher Nolan,2006
65,Kingsman: The Secret Service,Matthew Vaughn,2014
66,Patriots Day,Peter Berg,2016
67,Mad Max: Fury Road,George Miller,2015
68,Wakefield,Robin Swicord,2016
69,Deepwater Horizon,Peter Berg,2016
70,The Promise,Terry George,2016
71,Allied,Robert Zemeckis,2016
72,A Monster Calls,J.A. Bayona,2016
73,Collateral Beauty,David Frankel,2016
74,Zootopia,Byron Howard,2016
75,Pirates of the Caribbean: At World's End,Gore Verbinski,2007
76,The Avengers,Joss Whedon,2012
77,Inglourious Basterds,Quentin Tarantino,2009
78,Pirates of the Caribbean: Dead Man's Chest,Gore Verbinski,2006
79,Ghostbusters,Paul Feig,2016
80,Inception,Christopher Nolan,2010
81,Captain Fantastic,Matt Ross,2016
82,The Wolf of Wall Street,Martin Scorsese,2013
83,Gone Girl,David Fincher,2014
84,Furious Seven,James Wan,2015
85,Jurassic World,Colin Trevorrow,2015
86,Live by Night,Ben Affleck,2016
87,Avatar,James Cameron,2009
88,The Hateful Eight,Quentin Tarantino,2015
89,The Accountant,Gavin O'Connor,2016
90,Prisoners,Denis Villeneuve,2013
91,Warcraft,Duncan Jones,2016
92,The Help,Tate Taylor,2011
93,War Dogs,Todd Phillips,2016
94,Avengers: Age of Ultron,Joss Whedon,2015
95,The Nice Guys,Shane Black,2016
96,Kimi no na wa,Makoto Shinkai,2016
97,The Void,Jeremy Gillespie,2016
98,Personal Shopper,Olivier Assayas,2016
99,The Departed,Martin Scorsese,2006
100,Legend,Brian Helgeland,2015
101,Thor,Kenneth Branagh,2011
102,The Martian,Ridley Scott,2015
103,Contratiempo,Oriol Paulo,2016
104,The Man from U.N.C.L.E.,Guy Ritchie,2015
105,Hell or High Water,David Mackenzie,2016
106,The Comedian,Taylor Hackford,2016
107,The Legend of Tarzan,David Yates,2016
108,All We Had,Katie Holmes,2016
109,Ex Machina,Alex Garland,2014
110,The Belko Experiment,Greg McLean,2016
111,12 Years a Slave,Steve McQueen,2013
112,The Bad Batch,Ana Lily Amirpour,2016
113,300,Zack Snyder,2006
114,Harry Potter and the Deathly Hallows: Part 2,David Yates,2011
115,Office Christmas Party,Josh Gordon,2016
116,The Neon Demon,Nicolas Winding Refn,2016
117,Dangal,Nitesh Tiwari,2016
118,10 Cloverfield Lane,Dan Trachtenberg,2016
119,Finding Dory,Andrew Stanton,2016
120,Miss Peregrine's Home for Peculiar Children,Tim Burton,2016
121,Divergent,Neil Burger,2014
122,Mike and Dave Need Wedding Dates,Jake Szymanski,2016
123,Boyka: Undisputed IV,Todor Chapkanov,2016
124,The Dark Knight Rises,Christopher Nolan,2012
125,The Jungle Book,Jon Favreau,2016
126,Transformers: Age of Extinction,Michael Bay,2014
127,Nerve,Henry Joost,2016
128,Mamma Mia!,Phyllida Lloyd,2008
129,The Revenant,Alejandro González Iñárritu,2015
130,Fences,Denzel Washington,2016
131,Into the Woods,Rob Marshall,2014
132,The Shallows,Jaume Collet-Serra,2016
133,Whiplash,Damien Chazelle,2014
134,Furious 6,Justin Lin,2013
135,The Place Beyond the Pines,Derek Cianfrance,2012
136,No Country for Old Men,Ethan Coen,2007
137,The Great Gatsby,Baz Luhrmann,2013
138,Shutter Island,Martin Scorsese,2010
139,Brimstone,Martin Koolhoven,2016
140,Star Trek,J.J. Abrams,2009
141,Diary of a Wimpy Kid,Thor Freudenthal,2010
142,The Big Short,Adam McKay,2015
143,Room,Lenny Abrahamson,2015
144,Django Unchained,Quentin Tarantino,2012
145,Ah-ga-ssi,Chan-wook Park,2016
146,The Edge of Seventeen,Kelly Fremon Craig,2016
147,Watchmen,Zack Snyder,2009
148,Superbad,Greg Mottola,2007
149,Inferno,Ron Howard,2016
150,The BFG,Steven Spielberg,2016
151,The Hunger Games,Gary Ross,2012
152,White Girl,Elizabeth Wood,2016
153,Sicario,Denis Villeneuve,2015
154,Twin Peaks: The Missing Pieces,David Lynch,2014
155,Aliens vs Predator - Requiem,Colin Strause,2007
156,Pacific Rim,Guillermo del Toro,2013
157,"Crazy, Stupid, Love.",Glenn Ficarra,2011
158,Scott Pilgrim vs. the World,Edgar Wright,2010
159,Hot Fuzz,Edgar Wright,2007
160,Mine,Fabio Guaglione,2016
161,Free Fire,Ben Wheatley,2016
162,X-Men: Days of Future Past,Bryan Singer,2014
163,Jack Reacher: Never Go Back,Edward Zwick,2016
164,Casino Royale,Martin Campbell,2006
165,Twilight,Catherine Hardwicke,2008
166,Now You See Me 2,Jon M. Chu,2016
167,Woman in Gold,Simon Curtis,2015
168,13 Hours,Michael Bay,2016
169,Spectre,Sam Mendes,2015
170,Nightcrawler,Dan Gilroy,2014
171,Kubo and the Two Strings,Travis Knight,2016
172,Beyond the Gates,Jackson Stewart,2016
173,Her,Spike Jonze,2013
174,Frozen,Chris Buck,2013
175,Tomorrowland,Brad Bird,2015
176,Dawn of the Planet of the Apes,Matt Reeves,2014
177,Tropic Thunder,Ben Stiller,2008
178,The Conjuring 2,James Wan,2016
179,Ant-Man,Peyton Reed,2015
180,Bridget Jones's Baby,Sharon Maguire,2016
181,The VVitch: A New-England Folktale,Robert Eggers,2015
182,Cinderella,Kenneth Branagh,2015
183,Realive,Mateo Gil,2016
184,Forushande,Asghar Farhadi,2016
185,Love,Gaspar Noé,2015
186,Billy Lynn's Long Halftime Walk,Ang Lee,2016
187,Crimson Peak,Guillermo del Toro,2015
188,Drive,Nicolas Winding Refn,2011
189,Trainwreck,Judd Apatow,2015
190,The Light Between Oceans,Derek Cianfrance,2016
191,Below Her Mouth,April Mullen,2016
192,Spotlight,Tom McCarthy,2015
193,Morgan,Luke Scott,2016
194,Warrior,Gavin O'Connor,2011
195,Captain America: The First Avenger,Joe Johnston,2011
196,Hacker,Akan Satayev,2016
197,Into the Wild,Sean Penn,2007
198,The Imitation Game,Morten Tyldum,2014
199,Central Intelligence,Rawson Marshall Thurber,2016
200,Edge of Tomorrow,Doug Liman,2014
201,A Cure for Wellness,Gore Verbinski,2016
202,Snowden,Oliver Stone,2016
203,Iron Man,Jon Favreau,2008
204,Allegiant,Robert Schwentke,2016
205,X: First Class,Matthew Vaughn,2011
206,Raw (II),Julia Ducournau,2016
207,Paterson,Jim Jarmusch,2016
208,Bridesmaids,Paul Feig,2011
209,The Girl with All the Gifts,Colm McCarthy,2016
210,San Andreas,Brad Peyton,2015
211,Spring Breakers,Harmony Korine,2012
212,Transformers,Michael Bay,2007
213,Old Boy,Spike Lee,2013
214,Thor: The Dark World,Alan Taylor,2013
215,Gods of Egypt,Alex Proyas,2016
216,Captain America: The Winter Soldier,Anthony Russo,2014
217,Monster Trucks,Chris Wedge,2016
218,A Dark Song,Liam Gavin,2016
219,Kick-Ass,Matthew Vaughn,2010
220,Hardcore Henry,Ilya Naishuller,2015
221,Cars,John Lasseter,2006
222,It Follows,David Robert Mitchell,2014
223,The Girl with the Dragon Tattoo,David Fincher,2011
224,We're the Millers,Rawson Marshall Thurber,2013
225,American Honey,Andrea Arnold,2016
226,The Lobster,Yorgos Lanthimos,2015
227,Predators,Nimród Antal,2010
228,Maleficent,Robert Stromberg,2014
229,Rupture,Steven Shainberg,2016
230,Pan's Labyrinth,Guillermo del Toro,2006
231,A Kind of Murder,Andy Goddard,2016
232,Apocalypto,Mel Gibson,2006
233,Mission: Impossible - Rogue Nation,Christopher McQuarrie,2015
234,The Huntsman: Winter's War,Cedric Nicolas-Troyan,2016
235,The Perks of Being a Wallflower,Stephen Chbosky,2012
236,Jackie,Pablo Larraín,2016
237,The Disappointments Room,D.J. Caruso,2016
238,The Grand Budapest Hotel,Wes Anderson,2014
239,The Host,Andrew Niccol,2013
240,Fury,David Ayer,2014
241,Inside Out,Pete Docter,2015
242,Rock Dog,Ash Brannon,2016
243,Terminator Genisys,Alan Taylor,2015
244,Percy Jackson & the Olympians: The Lightning Thief,Chris Columbus,2010
245,Les Misérables,Tom Hooper,2012
246,Children of Men,Alfonso Cuarón,2006
247,20th Century Women,Mike Mills,2016
248,Spy,Paul Feig,2015
249,The Intouchables,Olivier Nakache,2011
250,Bonjour Anne,Eleanor Coppola,2016
251,Kynodontas,Yorgos Lanthimos,2009
252,Straight Outta Compton,F. Gary Gray,2015
253,The Amazing Spider-Man 2,Marc Webb,2014
254,The Conjuring,James Wan,2013
255,The Hangover,Todd Phillips,2009
256,Battleship,Peter Berg,2012
257,Rise of the Planet of the Apes,Rupert Wyatt,2011
258,Lights Out,David F. Sandberg,2016
259,Norman: The Moderate Rise and Tragic Fall of a New York Fixer,Joseph Cedar,2016
260,Birdman or (The Unexpected Virtue of Ignorance),Alejandro González Iñárritu,2014
261,Black Swan,Darren Aronofsky,2010
262,Dear White People,Justin Simien,2014
263,Nymphomaniac: Vol. I,Lars von Trier,2013
264,Teenage Mutant Ninja Turtles: Out of the Shadows,Dave Green,2016
265,Knock Knock,Eli Roth,2015
266,Dirty Grandpa,Dan Mazer,2016
267,Cloud Atlas,Tom Tykwer,2012
268,X-Men Origins: Wolverine,Gavin Hood,2009
269,Satanic,Jeffrey G. Hunt,2016
270,Skyfall,Sam Mendes,2012
271,The Hobbit: An Unexpected Journey,Peter Jackson,2012
272,21 Jump Street,Phil Lord,2012
273,Sing Street,John Carney,2016
274,Ballerina,Eric Summer,2016
275,Oblivion,Joseph Kosinski,2013
276,22 Jump Street,Phil Lord,2014
277,Zodiac,David Fincher,2007
278,Everybody Wants Some!!,Richard Linklater,2016
279,Iron Man Three,Shane Black,2013
280,Now You See Me,Louis Leterrier,2013
281,Sherlock Holmes,Guy Ritchie,2009
282,Death Proof,Quentin Tarantino,2007
283,The Danish Girl,Tom Hooper,2015
284,Hercules,Brett Ratner,2014
285,Sucker Punch,Zack Snyder,2011
286,Keeping Up with the Joneses,Greg Mottola,2016
287,Jupiter Ascending,Lana Wachowski,2015
288,Masterminds,Jared Hess,2016
289,Iris,Jalil Lespert,2016
290,Busanhaeng,Sang-ho Yeon,2016
291,Pitch Perfect,Jason Moore,2012
292,Neighbors 2: Sorority Rising,Nicholas Stoller,2016
293,The Exception,David Leveaux,2016
294,Man of Steel,Zack Snyder,2013
295,The Choice,Ross Katz,2016
296,Ice Age: Collision Course,Mike Thurmeier,2016
297,The Devil Wears Prada,David Frankel,2006
298,The Infiltrator,Brad Furman,2016
299,There Will Be Blood,Paul Thomas Anderson,2007
300,The Equalizer,Antoine Fuqua,2014
301,Lone Survivor,Peter Berg,2013
302,The Cabin in the Woods,Drew Goddard,2012
303,The House Bunny,Fred Wolf,2008
304,She's Out of My League,Jim Field Smith,2010
305,Inherent Vice,Paul Thomas Anderson,2014
306,Alice Through the Looking Glass,James Bobin,2016
307,Vincent N Roxxy,Gary Michael Schultz,2016
308,The Fast and the Furious: Tokyo Drift,Justin Lin,2006
309,How to Be Single,Christian Ditter,2016
310,The Blind Side,John Lee Hancock,2009
311,La vie d'Adèle,Abdellatif Kechiche,2013
312,The Babadook,Jennifer Kent,2014
313,The Hobbit: The Battle of the Five Armies,Peter Jackson,2014
314,Harry Potter and the Order of the Phoenix,David Yates,2007
315,Snowpiercer,Bong Joon Ho,2013
316,The 5th Wave,J Blakeson,2016
317,The Stakelander,Dan Berk,2016
318,The Visit,M. Night Shyamalan,2015
319,Fast Five,Justin Lin,2011
320,Step Up,Anne Fletcher,2006
321,Lovesong,So Yong Kim,2016
322,RocknRolla,Guy Ritchie,2008
323,In Time,Andrew Niccol,2011
324,The Social Network,David Fincher,2010
325,The Last Witch Hunter,Breck Eisner,2015
326,Victor Frankenstein,Paul McGuigan,2015
327,A Street Cat Named Bob,Roger Spottiswoode,2016
328,Green Room,Jeremy Saulnier,2015
329,Blackhat,Michael Mann,2015
330,Storks,Nicholas Stoller,2016
331,American Sniper,Clint Eastwood,2014
332,Dallas Buyers Club,Jean-Marc Vallée,2013
333,Lincoln,Steven Spielberg,2012
334,Rush,Ron Howard,2013
335,Before I Wake,Mike Flanagan,2016
336,Silver Linings Playbook,David O. Russell,2012
337,Tracktown,Alexi Pappas,2016
338,The Fault in Our Stars,Josh Boone,2014
339,Blended,Frank Coraci,2014
340,Fast & Furious,Justin Lin,2009
341,Looper,Rian Johnson,2012
342,White House Down,Roland Emmerich,2013
343,Pete's Dragon,David Lowery,2016
344,Spider-Man 3,Sam Raimi,2007
345,The Three Musketeers,Paul W.S. Anderson,2011
346,Stardust,Matthew Vaughn,2007
347,American Hustle,David O. Russell,2013
348,Jennifer's Body,Karyn Kusama,2009
349,Midnight in Paris,Woody Allen,2011
350,Lady Macbeth,William Oldroyd,2016
351,Joy,David O. Russell,2015
352,The Dressmaker,Jocelyn Moorhouse,2015
353,Cafe Society,Woody Allen,2016
354,Insurgent,Robert Schwentke,2015
355,Seventh Son,Sergei Bodrov,2014
356,Demain tout commence,Hugo Gélin,2016
357,The Theory of Everything,James Marsh,2014
358,This Is the End,Evan Goldberg,2013
359,About Time,Richard Curtis,2013
360,Step Brothers,Adam McKay,2008
361,Clown,Jon Watts,2014
362,Star Trek Into Darkness,J.J. Abrams,2013
363,Zombieland,Ruben Fleischer,2009
364,"Hail, Caesar!",Ethan Coen,2016
365,Slumdog Millionaire,Danny Boyle,2008
366,The Twilight Saga: Breaking Dawn - Part 2,Bill Condon,2012
367,American Wrestler: The Wizard,Alex Ranarivelo,2016
368,The Amazing Spider-Man,Marc Webb,2012
369,Ben-Hur,Timur Bekmambetov,2016
370,Sleight,J.D. Dillard,2016
371,The Maze Runner,Wes Ball,2014
372,Criminal,Ariel Vromen,2016
373,Wanted,Timur Bekmambetov,2008
374,Florence Foster Jenkins,Stephen Frears,2016
375,Collide,Eran Creevy,2016
376,Black Mass,Scott Cooper,2015
377,Creed,Ryan Coogler,2015
378,Swiss Army Man,Dan Kwan,2016
379,The Expendables 3,Patrick Hughes,2014
380,What We Do in the Shadows,Jemaine Clement,2014
381,Southpaw,Antoine Fuqua,2015
382,Hush,Mike Flanagan,2016
383,Bridge of Spies,Steven Spielberg,2015
384,The Lego Movie,Phil Lord,2014
385,Everest,Baltasar Kormákur,2015
386,Pixels,Chris Columbus,2015
387,Robin Hood,Ridley Scott,2010
388,The Wolverine,James Mangold,2013
389,John Carter,Andrew Stanton,2012
390,Keanu,Peter Atencio,2016
391,The Gunman,Pierre Morel,2015
392,Steve Jobs,Danny Boyle,2015
393,Whisky Galore,Gillies MacKinnon,2016
394,Grown Ups 2,Dennis Dugan,2013
395,The Age of Adaline,Lee Toland Krieger,2015
396,The Incredible Hulk,Louis Leterrier,2008
397,Couples Retreat,Peter Billingsley,2009
398,Absolutely Anything,Terry Jones,2015
399,Magic Mike,Steven Soderbergh,2012
400,Minions,Kyle Balda,2015
401,The Black Room,Rolfe Kanefsky,2016
402,Bronson,Nicolas Winding Refn,2008
403,Despicable Me,Pierre Coffin,2010
404,The Best of Me,Michael Hoffman,2014
405,The Invitation,Karyn Kusama,2015
406,Zero Dark Thirty,Kathryn Bigelow,2012
407,Tangled,Nathan Greno,2010
408,The Hunger Games: Mockingjay - Part 2,Francis Lawrence,2015
409,Vacation,John Francis Daley,2015
410,Taken,Pierre Morel,2008
411,Pitch Perfect 2,Elizabeth Banks,2015
412,Monsters University,Dan Scanlon,2013
413,Elle,Paul Verhoeven,2016
414,Mechanic: Resurrection,Dennis Gansel,2016
415,Tusk,Kevin Smith,2014
416,The Headhunter's Calling,Mark Williams,2016
417,Atonement,Joe Wright,2007
418,Harry Potter and the Deathly Hallows: Part 1,David Yates,2010
419,Shame,Steve McQueen,2011
420,Hanna,Joe Wright,2011
421,The Babysitters,David Ross,2007
422,Pride and Prejudice and Zombies,Burr Steers,2016
423,300: Rise of an Empire,Noam Murro,2014
424,London Has Fallen,Babak Najafi,2016
425,The Curious Case of Benjamin Button,David Fincher,2008
426,Sin City: A Dame to Kill For,Frank Miller,2014
427,The Bourne Ultimatum,Paul Greengrass,2007
428,Srpski film,Srdjan Spasojevic,2010
429,The Purge: Election Year,James DeMonaco,2016
430,3 Idiots,Rajkumar Hirani,2009
431,Zoolander 2,Ben Stiller,2016
432,World War Z,Marc Forster,2013
433,Mission: Impossible - Ghost Protocol,Brad Bird,2011
434,Let Me Make You a Martyr,Corey Asraf,2016
435,Filth,Jon S. Baird,2013
436,The Longest Ride,George Tillman Jr.,2015
437,The imposible,J.A. Bayona,2012
438,Kick-Ass 2,Jeff Wadlow,2013
439,Folk Hero & Funny Guy,Jeff Grace,2016
440,Oz the Great and Powerful,Sam Raimi,2013
441,Brooklyn,John Crowley,2015
442,Coraline,Henry Selick,2009
443,Blue Valentine,Derek Cianfrance,2010
444,The Thinning,Michael J. Gallagher,2016
445,Silent Hill,Christophe Gans,2006
446,Dredd,Pete Travis,2012
447,Hunt for the Wilderpeople,Taika Waititi,2016
448,Big Hero 6,Don Hall,2014
449,Carrie,Kimberly Peirce,2013
450,Iron Man 2,Jon Favreau,2010
451,Demolition,Jean-Marc Vallée,2015
452,Pandorum,Christian Alvart,2009
453,Olympus Has Fallen,Antoine Fuqua,2013
454,I Am Number Four,D.J. Caruso,2011
455,Jagten,Thomas Vinterberg,2012
456,The Proposal,Anne Fletcher,2009
457,Get Hard,Etan Cohen,2015
458,Just Go with It,Dennis Dugan,2011
459,Revolutionary Road,Sam Mendes,2008
460,The Town,Ben Affleck,2010
461,The Boy,William Brent Bell,2016
462,Denial,Mick Jackson,2016
463,Predestination,Michael Spierig,2014
464,Goosebumps,Rob Letterman,2015
465,Sherlock Holmes: A Game of Shadows,Guy Ritchie,2011
466,Salt,Phillip Noyce,2010
467,Enemy,Denis Villeneuve,2013
468,District 9,Neill Blomkamp,2009
469,The Other Guys,Adam McKay,2010
470,American Gangster,Ridley Scott,2007
471,Marie Antoinette,Sofia Coppola,2006
472,2012,Roland Emmerich,2009
473,Harry Potter and the Half-Blood Prince,David Yates,2009
474,Argo,Ben Affleck,2012
475,Eddie the Eagle,Dexter Fletcher,2016
476,The Lives of Others,Florian Henckel von Donnersmarck,2006
477,Pet,Carles Torrens,2016
478,Paint It Black,Amber Tamblyn,2016
479,Macbeth,Justin Kurzel,2015
480,Forgetting Sarah Marshall,Nicholas Stoller,2008
481,The Giver,Phillip Noyce,2014
482,Triple 9,John Hillcoat,2016
483,Perfetti sconosciuti,Paolo Genovese,2016
484,Angry Birds,Clay Kaytis,2016
485,Moonrise Kingdom,Wes Anderson,2012
486,Hairspray,Adam Shankman,2007
487,Safe Haven,Lasse Hallström,2013
488,Focus,Glenn Ficarra,2015
489,Ratatouille,Brad Bird,2007
490,Stake Land,Jim Mickle,2010
491,The Book of Eli,Albert Hughes,2010
492,Cloverfield,Matt Reeves,2008
493,Point Break,Ericson Core,2015
494,Under the Skin,Jonathan Glazer,2013
495,I Am Legend,Francis Lawrence,2007
496,Men in Black 3,Barry Sonnenfeld,2012
497,Super 8,J.J. Abrams,2011
498,Law Abiding Citizen,F. Gary Gray,2009
499,Up,Pete Docter,2009
500,Maze Runner: The Scorch Trials,Wes Ball,2015
501,Carol,Todd Haynes,2015
502,Imperium,Daniel Ragussis,2016
503,Youth,Paolo Sorrentino,2015
504,Mr. Nobody,Jaco Van Dormael,2009
505,City of Tiny Lights,Pete Travis,2016
506,Savages,Oliver Stone,2012
507,(500) Days of Summer,Marc Webb,2009
508,Movie 43,Elizabeth Banks,2013
509,Gravity,Alfonso Cuarón,2013
510,The Boy in the Striped Pyjamas,Mark Herman,2008
511,Shooter,Antoine Fuqua,2007
512,The Happening,M. Night Shyamalan,2008
513,Bone Tomahawk,S. Craig Zahler,2015
514,Magic Mike XXL,Gregory Jacobs,2015
515,Easy A,Will Gluck,2010
516,Exodus: Gods and Kings,Ridley Scott,2014
517,Chappie,Neill Blomkamp,2015
518,The Hobbit: The Desolation of Smaug,Peter Jackson,2013
519,Half of a Yellow Sun,Biyi Bandele,2013
520,Anthropoid,Sean Ellis,2016
521,The Counselor,Ridley Scott,2013
522,Viking,Andrey Kravchuk,2016
523,Whiskey Tango Foxtrot,Glenn Ficarra,2016
524,Trust,David Schwimmer,2010
525,Birth of the Dragon,George Nolfi,2016
526,Elysium,Neill Blomkamp,2013
527,The Green Inferno,Eli Roth,2013
528,Godzilla,Gareth Edwards,2014
529,The Bourne Legacy,Tony Gilroy,2012
530,A Good Year,Ridley Scott,2006
531,Friend Request,Simon Verhoeven,2016
532,Deja Vu,Tony Scott,2006
533,Lucy,Luc Besson,2014
534,A Quiet Passion,Terence Davies,2016
535,Need for Speed,Scott Waugh,2014
536,Jack Reacher,Christopher McQuarrie,2012
537,The Do-Over,Steven Brill,2016
538,True Crimes,Alexandros Avranas,2016
539,American Pastoral,Ewan McGregor,2016
540,The Ghost Writer,Roman Polanski,2010
541,Limitless,Neil Burger,2011
542,Spectral,Nic Mathieu,2016
543,P.S. I Love You,Richard LaGravenese,2007
544,Zipper,Mora Stephens,2015
545,Midnight Special,Jeff Nichols,2016
546,Don't Think Twice,Mike Birbiglia,2016
547,Alice in Wonderland,Tim Burton,2010
548,Chuck,Philippe Falardeau,2016
549,"I, Daniel Blake",Ken Loach,2016
550,The Break-Up,Peyton Reed,2006
551,Loving,Jeff Nichols,2016
552,Fantastic Four,Josh Trank,2015
553,The Survivalist,Stephen Fingleton,2015
554,Colonia,Florian Gallenberger,2015
555,The Boy Next Door,Rob Cohen,2015
556,The Gift,Joel Edgerton,2015
557,Dracula Untold,Gary Shore,2014
558,In the Heart of the Sea,Ron Howard,2015
559,Idiocracy,Mike Judge,2006
560,The Expendables,Sylvester Stallone,2010
561,Evil Dead,Fede Alvarez,2013
562,Sinister,Scott Derrickson,2012
563,Wreck-It Ralph,Rich Moore,2012
564,Snow White and the Huntsman,Rupert Sanders,2012
565,Pan,Joe Wright,2015
566,Transformers: Dark of the Moon,Michael Bay,2011
567,Juno,Jason Reitman,2007
568,A Hologram for the King,Tom Tykwer,2016
569,Money Monster,Jodie Foster,2016
570,The Other Woman,Nick Cassavetes,2014
571,Enchanted,Kevin Lima,2007
572,The Intern,Nancy Meyers,2015
573,Little Miss Sunshine,Jonathan Dayton,2006
574,Bleed for This,Ben Younger,2016
575,Clash of the Titans,Louis Leterrier,2010
576,The Finest Hours,Craig Gillespie,2016
577,Tron,Joseph Kosinski,2010
578,The Hunger Games: Catching Fire,Francis Lawrence,2013
579,All Good Things,Andrew Jarecki,2010
580,Kickboxer: Vengeance,John Stockwell,2016
581,The Last Airbender,M. Night Shyamalan,2010
582,Sex Tape,Jake Kasdan,2014
583,What to Expect When You're Expecting,Kirk Jones,2012
584,Moneyball,Bennett Miller,2011
585,Ghost Rider,Mark Steven Johnson,2007
586,Unbroken,Angelina Jolie,2014
587,Immortals,Tarsem Singh,2011
588,Sunshine,Danny Boyle,2007
589,Brave,Mark Andrews,2012
590,Män som hatar kvinnor,Niels Arden Oplev,2009
591,Adoration,Anne Fontaine,2013
592,The Drop,Michaël R. Roskam,2014
593,She's the Man,Andy Fickman,2006
594,Daddy's Home,Sean Anders,2015
595,Let Me In,Matt Reeves,2010
596,Never Back Down,Jeff Wadlow,2008
597,Grimsby,Louis Leterrier,2016
598,Moon,Duncan Jones,2009
599,Megamind,Tom McGrath,2010
600,Gangster Squad,Ruben Fleischer,2013
601,Blood Father,Jean-François Richet,2016
602,He's Just Not That Into You,Ken Kwapis,2009
603,Kung Fu Panda 3,Alessandro Carloni,2016
604,The Rise of the Krays,Zackary Adler,2015
605,Handsome Devil,John Butler,2016
606,Winter's Bone,Debra Granik,2010
607,Horrible Bosses,Seth Gordon,2011
608,Mommy,Xavier Dolan,2014
609,Hellboy II: The Golden Army,Guillermo del Toro,2008
610,Beautiful Creatures,Richard LaGravenese,2013
611,Toni Erdmann,Maren Ade,2016
612,The Lovely Bones,Peter Jackson,2009
613,The Assassination of Jesse James by the Coward Robert Ford,Andrew Dominik,2007
614,Don Jon,Joseph Gordon-Levitt,2013
615,Bastille Day,James Watkins,2016
616,2307: Winter's Dream,Joey Curtis,2016
617,Free State of Jones,Gary Ross,2016
618,Mr. Right,Paco Cabezas,2015
619,The Secret Life of Walter Mitty,Ben Stiller,2013
620,Dope,Rick Famuyiwa,2015
621,Underworld Awakening,Måns Mårlind,2012
622,Antichrist,Lars von Trier,2009
623,Friday the 13th,Marcus Nispel,2009
624,Taken 3,Olivier Megaton,2014
625,Total Recall,Len Wiseman,2012
626,X-Men: The Last Stand,Brett Ratner,2006
627,The Escort,Will Slocombe,2016
628,The Whole Truth,Courtney Hunt,2016
629,Night at the Museum: Secret of the Tomb,Shawn Levy,2014
630,Love & Other Drugs,Edward Zwick,2010
631,The Interview,Evan Goldberg,2014
632,The Host,Bong Joon Ho,2006
633,Megan Is Missing,Michael Goi,2011
634,WALL-E,Andrew Stanton,2008
635,Knocked Up,Judd Apatow,2007
636,Source Code,Duncan Jones,2011
637,Lawless,John Hillcoat,2012
638,Unfriended,Levan Gabriadze,2014
639,American Reunion,Jon Hurwitz,2012
640,The Pursuit of Happyness,Gabriele Muccino,2006
641,Relatos salvajes,Damián Szifron,2014
642,The Ridiculous 6,Frank Coraci,2015
643,Frantz,François Ozon,2016
644,Viral,Henry Joost,2016
645,Gran Torino,Clint Eastwood,2008
646,Burnt,John Wells,2015
647,Tall Men,Jonathan Holbrook,2016
648,Sleeping Beauty,Julia Leigh,2011
649,Vampire Academy,Mark Waters,2014
650,Sweeney Todd: The Demon Barber of Fleet Street,Tim Burton,2007
651,Solace,Afonso Poyart,2015
652,Insidious,James Wan,2010
653,Popstar: Never Stop Never Stopping,Akiva Schaffer,2016
654,The Levelling,Hope Dickson Leach,2016
655,Public Enemies,Michael Mann,2009
656,Boyhood,Richard Linklater,2014
657,Teenage Mutant Ninja Turtles,Jonathan Liebesman,2014
658,Eastern Promises,David Cronenberg,2007
659,The Daughter,Simon Stone,2015
660,Pineapple Express,David Gordon Green,2008
661,The First Time,Jon Kasdan,2012
662,Gone Baby Gone,Ben Affleck,2007
663,The Heat,Paul Feig,2013
664,L'avenir,Mia Hansen-Løve,2016
665,Anna Karenina,Joe Wright,2012
666,Regression,Alejandro Amenábar,2015
667,Ted 2,Seth MacFarlane,2015
668,Pain & Gain,Michael Bay,2013
669,Blood Diamond,Edward Zwick,2006
670,Devil's Knot,Atom Egoyan,2013
671,Child 44,Daniel Espinosa,2015
672,The Hurt Locker,Kathryn Bigelow,2008
673,Green Lantern,Martin Campbell,2011
674,War on Everyone,John Michael McDonagh,2016
675,The Mist,Frank Darabont,2007
676,Escape Plan,Mikael Håfström,2013
677,"Love, Rosie",Christian Ditter,2014
678,The DUFF,Ari Sandel,2015
679,The Age of Shadows,Jee-woon Kim,2016
680,The Hunger Games: Mockingjay - Part 1,Francis Lawrence,2014
681,We Need to Talk About Kevin,Lynne Ramsay,2011
682,Love & Friendship,Whit Stillman,2016
683,The Mortal Instruments: City of Bones,Harald Zwart,2013
684,Seven Pounds,Gabriele Muccino,2008
685,The King's Speech,Tom Hooper,2010
686,Hunger,Steve McQueen,2008
687,Jumper,Doug Liman,2008
688,Toy Story 3,Lee Unkrich,2010
689,Tinker Tailor Soldier Spy,Tomas Alfredson,2011
690,Resident Evil: Retribution,Paul W.S. Anderson,2012
691,Dear Zindagi,Gauri Shinde,2016
692,Genius,Michael Grandage,2016
693,Pompeii,Paul W.S. Anderson,2014
694,Life of Pi,Ang Lee,2012
695,Hachi: A Dog's Tale,Lasse Hallström,2009
696,10 Years,Jamie Linden,2011
697,I Origins,Mike Cahill,2014
698,Live Free or Die Hard,Len Wiseman,2007
699,The Matchbreaker,Caleb Vetter,2016
700,Funny Games,Michael Haneke,2007
701,Ted,Seth MacFarlane,2012
702,RED,Robert Schwentke,2010
703,Australia,Baz Luhrmann,2008
704,Faster,George Tillman Jr.,2010
705,The Neighbor,Marcus Dunstan,2016
706,The Adjustment Bureau,George Nolfi,2011
707,The Hollars,John Krasinski,2016
708,The Judge,David Dobkin,2014
709,Closed Circuit,John Crowley,2013
710,Transformers: Revenge of the Fallen,Michael Bay,2009
711,La tortue rouge,Michael Dudok de Wit,2016
712,The Book of Life,Jorge R. Gutiérrez,2014
713,Incendies,Denis Villeneuve,2010
714,The Heartbreak Kid,Bobby Farrelly,2007
715,Happy Feet,George Miller,2006
716,Entourage,Doug Ellin,2015
717,The Strangers,Bryan Bertino,2008
718,Noah,Darren Aronofsky,2014
719,Neighbors,Nicholas Stoller,2014
720,Nymphomaniac: Vol. II,Lars von Trier,2013
721,Wild,Jean-Marc Vallée,2014
722,Grown Ups,Dennis Dugan,2010
723,Blair Witch,Adam Wingard,2016
724,The Karate Kid,Harald Zwart,2010
725,Dark Shadows,Tim Burton,2012
726,Friends with Benefits,Will Gluck,2011
727,The Illusionist,Neil Burger,2006
728,The A-Team,Joe Carnahan,2010
729,The Guest,Adam Wingard,2014
730,The Internship,Shawn Levy,2013
731,Paul,Greg Mottola,2011
732,This Beautiful Fantastic,Simon Aboud,2016
733,The Da Vinci Code,Ron Howard,2006
734,Mr. Church,Bruce Beresford,2016
735,Hugo,Martin Scorsese,2011
736,The Blackcoat's Daughter,Oz Perkins,2015
737,Body of Lies,Ridley Scott,2008
738,Knight of Cups,Terrence Malick,2015
739,The Mummy: Tomb of the Dragon Emperor,Rob Cohen,2008
740,The Boss,Ben Falcone,2016
741,Hands of Stone,Jonathan Jakubowicz,2016
742,El secreto de sus ojos,Juan José Campanella,2009
743,True Grit,Ethan Coen,2010
744,We Are Your Friends,Max Joseph,2015
745,A Million Ways to Die in the West,Seth MacFarlane,2014
746,Only for One Night,Chris Stokes,2016
747,Rules Don't Apply,Warren Beatty,2016
748,Ouija: Origin of Evil,Mike Flanagan,2016
749,Percy Jackson: Sea of Monsters,Thor Freudenthal,2013
750,Fracture,Gregory Hoblit,2007
751,Oculus,Mike Flanagan,2013
752,In Bruges,Martin McDonagh,2008
753,This Means War,McG,2012
754,the devil's mistress,Filip Renc,2016
755,The Road,John Hillcoat,2009
756,Lavender,Ed Gass-Donnelly,2016
757,Deuces,Jamal Hill,2016
758,Conan the Barbarian,Marcus Nispel,2011
759,The Fighter,David O. Russell,2010
760,August Rush,Kirsten Sheridan,2007
761,Chef,Jon Favreau,2014
762,Eye in the Sky,Gavin Hood,2015
763,Eagle Eye,D.J. Caruso,2008
764,The Purge,James DeMonaco,2013
765,PK,Rajkumar Hirani,2014
766,Ender's Game,Gavin Hood,2013
767,Indiana Jones and the Kingdom of the Crystal Skull,Steven Spielberg,2008
768,Paper Towns,Jake Schreier,2015
769,High-Rise,Ben Wheatley,2015
770,Quantum of Solace,Marc Forster,2008
771,The Assignment,Walter Hill,2016
772,How to Train Your Dragon,Dean DeBlois,2010
773,Lady in the Water,M. Night Shyamalan,2006
774,The Fountain,Darren Aronofsky,2006
775,Cars 2,John Lasseter,2011
776,31,Rob Zombie,2016
777,Final Girl,Tyler Shields,2015
778,Chalk It Up,Hisonni Johnson,2016
779,The Man Who Knew Infinity,Matt Brown,2015
780,Unknown,Jaume Collet-Serra,2011
781,Self/less,Tarsem Singh,2015
782,Mr. Brooks,Bruce A. Evans,2007
783,Tramps,Adam Leon,2016
784,Before We Go,Chris Evans,2014
785,Captain Phillips,Paul Greengrass,2013
786,The Secret Scripture,Jim Sheridan,2016
787,Max Steel,Stewart Hendler,2016
788,Hotel Transylvania 2,Genndy Tartakovsky,2015
789,Hancock,Peter Berg,2008
790,Sisters,Jason Moore,2015
791,The Family,Luc Besson,2013
792,Zack and Miri Make a Porno,Kevin Smith,2008
793,Ma vie de Courgette,Claude Barras,2016
794,Man on a Ledge,Asger Leth,2012
795,No Strings Attached,Ivan Reitman,2011
796,Rescue Dawn,Werner Herzog,2006
797,Despicable Me 2,Pierre Coffin,2013
798,A Walk Among the Tombstones,Scott Frank,2014
799,The World's End,Edgar Wright,2013
800,Yoga Hosers,Kevin Smith,2016
801,Seven Psychopaths,Martin McDonagh,2012
802,Beowulf,Robert Zemeckis,2007
803,Jack Ryan: Shadow Recruit,Kenneth Branagh,2014
804,1408,Mikael Håfström,2007
805,The Gambler,Rupert Wyatt,2014
806,Prince of Persia: The Sands of Time,Mike Newell,2010
807,The Spectacular Now,James Ponsoldt,2013
808,A United Kingdom,Amma Asante,2016
809,USS Indianapolis: Men of Courage,Mario Van Peebles,2016
810,Turbo Kid,François Simard,2015
811,Mama,Andrés Muschietti,2013
812,Orphan,Jaume Collet-Serra,2009
813,To Rome with Love,Woody Allen,2012
814,Fantastic Mr. Fox,Wes Anderson,2009
815,Inside Man,Spike Lee,2006
816,I.T.,John Moore,2016
817,127 Hours,Danny Boyle,2010
818,Annabelle,John R. Leonetti,2014
819,Wolves at the Door,John R. Leonetti,2016
820,suite francaise,Saul Dibb,2014
821,The Imaginarium of Doctor Parnassus,Terry Gilliam,2009
822,G.I. Joe: The Rise of Cobra,Stephen Sommers,2009
823,Christine,Antonio Campos,2016
824,Man Down,Dito Montiel,2015
825,Crawlspace,Phil Claydon,2016
826,Shut In,Farren Blackburn,2016
827,The Warriors Gate,Matthias Hoene,2016
828,Grindhouse,Robert Rodriguez,2007
829,Disaster Movie,Jason Friedberg,2008
830,Rocky Balboa,Sylvester Stallone,2006
831,Diary of a Wimpy Kid: Dog Days,David Bowers,2012
832,Jane Eyre,Cary Joji Fukunaga,2011
833,Fool's Gold,Andy Tennant,2008
834,The Dictator,Larry Charles,2012
835,The Loft,Erik Van Looy,2014
836,Bacalaureat,Cristian Mungiu,2016
837,You Don't Mess with the Zohan,Dennis Dugan,2008
838,Exposed,Gee Malik Linton,2016
839,Maudie,Aisling Walsh,2016
840,Horrible Bosses 2,Sean Anders,2014
841,A Bigger Splash,Luca Guadagnino,2015
842,Melancholia,Lars von Trier,2011
843,The Princess and the Frog,Ron Clements,2009
844,Unstoppable,Tony Scott,2010
845,Flight,Robert Zemeckis,2012
846,Home,Tim Johnson,2015
847,La migliore offerta,Giuseppe Tornatore,2013
848,Mean Dreams,Nathan Morlando,2016
849,42,Brian Helgeland,2013
850,21,Robert Luketic,2008
851,Begin Again,John Carney,2013
852,Out of the Furnace,Scott Cooper,2013
853,Vicky Cristina Barcelona,Woody Allen,2008
854,Kung Fu Panda,Mark Osborne,2008
855,Barbershop: The Next Cut,Malcolm D. Lee,2016
856,Terminator Salvation,McG,2009
857,Freedom Writers,Richard LaGravenese,2007
858,The Hills Have Eyes,Alexandre Aja,2006
859,Changeling,Clint Eastwood,2008
860,Remember Me,Allen Coulter,2010
861,Koe no katachi,Naoko Yamada,2016
862,"Alexander and the Terrible, Horrible, No Good, Very Bad Day",Miguel Arteta,2014
863,Locke,Steven Knight,2013
864,The 9th Life of Louis Drax,Alexandre Aja,2016
865,Horns,Alexandre Aja,2013
866,Indignation,James Schamus,2016
867,The Stanford Prison Experiment,Kyle Patrick Alvarez,2015
868,Diary of a Wimpy Kid: Rodrick Rules,David Bowers,2011
869,Mission: Impossible III,J.J. Abrams,2006
870,En man som heter Ove,Hannes Holm,2015
871,Dragonball Evolution,James Wong,2009
872,Red Dawn,Dan Bradley,2012
873,One Day,Lone Scherfig,2011
874,Life as We Know It,Greg Berlanti,2010
875,28 Weeks Later,Juan Carlos Fresnadillo,2007
876,Warm Bodies,Jonathan Levine,2013
877,Blue Jasmine,Woody Allen,2013
878,G.I. Joe: Retaliation,Jon M. Chu,2013
879,Wrath of the Titans,Jonathan Liebesman,2012
880,Shin Gojira,Hideaki Anno,2016
881,Saving Mr. Banks,John Lee Hancock,2013
882,Transcendence,Wally Pfister,2014
883,Rio,Carlos Saldanha,2011
884,Equals,Drake Doremus,2015
885,Babel,Alejandro González Iñárritu,2006
886,The Tree of Life,Terrence Malick,2011
887,The Lucky One,Scott Hicks,2012
888,Piranha 3D,Alexandre Aja,2010
889,50/50,Jonathan Levine,2011
890,The Intent,Femi Oyeniran,2016
891,This Is 40,Judd Apatow,2012
892,Real Steel,Shawn Levy,2011
893,Sex and the City,Michael Patrick King,2008
894,Rambo,Sylvester Stallone,2008
895,Planet Terror,Robert Rodriguez,2007
896,Concussion,Peter Landesman,2015
897,The Fall,Tarsem Singh,2006
898,The Ugly Truth,Robert Luketic,2009
899,Bride Wars,Gary Winick,2009
900,Sleeping with Other People,Leslye Headland,2015
901,Snakes on a Plane,David R. Ellis,2006
902,What If,Michael Dowse,2013
903,How to Train Your Dragon 2,Dean DeBlois,2014
904,RoboCop,José Padilha,2014
905,In Dubious Battle,James Franco,2016
906,"Hello, My Name Is Doris",Michael Showalter,2015
907,Ocean's Thirteen,Steven Soderbergh,2007
908,Slither,James Gunn,2006
909,Contagion,Steven Soderbergh,2011
910,Il racconto dei racconti - Tale of Tales,Matteo Garrone,2015
911,I Am the Pretty Thing That Lives in the House,Oz Perkins,2016
912,Bridge to Terabithia,Gabor Csupo,2007
913,Coherence,James Ward Byrkit,2013
914,Notorious,George Tillman Jr.,2009
915,Goksung,Hong-jin Na,2016
916,The Expendables 2,Simon West,2012
917,The Girl Next Door,Gregory Wilson,2007
918,Perfume: The Story of a Murderer,Tom Tykwer,2006
919,The Golden Compass,Chris Weitz,2007
920,Centurion,Neil Marshall,2010
921,Scouts Guide to the Zombie Apocalypse,Christopher Landon,2015
922,17 Again,Burr Steers,2009
923,No Escape,John Erick Dowdle,2015
924,Superman Returns,Bryan Singer,2006
925,The Twilight Saga: Breaking Dawn - Part 1,Bill Condon,2011
926,Precious,Lee Daniels,2009
927,The Sea of Trees,Gus Van Sant,2015
928,Good Kids,Chris McCoy,2016
929,The Master,Paul Thomas Anderson,2012
930,Footloose,Craig Brewer,2011
931,If I Stay,R.J. Cutler,2014
932,The Ticket,Ido Fluk,2016
933,Detour,Christopher Smith,2016
934,The Love Witch,Anna Biller,2016
935,Talladega Nights: The Ballad of Ricky Bobby,Adam McKay,2006
936,The Human Centipede (First Sequence),Tom Six,2009
937,Super,James Gunn,2010
938,The Siege of Jadotville,Richie Smyth,2016
939,Up in the Air,Jason Reitman,2009
940,The Midnight Meat Train,Ryûhei Kitamura,2008
941,The Twilight Saga: Eclipse,David Slade,2010
942,Transpecos,Greg Kwedar,2016
943,What's Your Number?,Mark Mylod,2011
944,Riddick,David Twohy,2013
945,Triangle,Christopher Smith,2009
946,The Butler,Lee Daniels,2013
947,King Cobra,Justin Kelly,2016
948,After Earth,M. Night Shyamalan,2013
949,Kicks,Justin Tipping,2016
950,Me and Earl and the Dying Girl,Alfonso Gomez-Rejon,2015
951,The Descendants,Alexander Payne,2011
952,Sex and the City 2,Michael Patrick King,2010
953,The Kings of Summer,Jordan Vogt-Roberts,2013
954,Death Race,Paul W.S. Anderson,2008
955,That Awkward Moment,Tom Gormican,2014
956,Legion,Scott Stewart,2010
957,End of Watch,David Ayer,2012
958,3 Days to Kill,McG,2014
959,Lucky Number Slevin,Paul McGuigan,2006
960,Trance,Danny Boyle,2013
961,Into the Forest,Patricia Rozema,2015
962,The Other Boleyn Girl,Justin Chadwick,2008
963,I Spit on Your Grave,Steven R. Monroe,2010
964,Custody,James Lapine,2016
965,Inland Empire,David Lynch,2006
966,The Odyssey,Jérôme Salle,2016
967,The Walk,Robert Zemeckis,2015
968,Wrecker,Micheal Bafaro,2015
969,The Lone Ranger,Gore Verbinski,2013
970,Texas Chainsaw 3D,John Luessenhop,2013
971,Disturbia,D.J. Caruso,2007
972,Rock of Ages,Adam Shankman,2012
973,Scream 4,Wes Craven,2011
974,Queen of Katwe,Mira Nair,2016
975,My Big Fat Greek Wedding 2,Kirk Jones,2016
976,Dark Places,Gilles Paquet-Brenner,2015
977,Amateur Night,Lisa Addario,2016
978,It's Only the End of the World,Xavier Dolan,2016
979,The Skin I Live In,Pedro Almodóvar,2011
980,Miracles from Heaven,Patricia Riggen,2016
981,Annie,Will Gluck,2014
982,Across the Universe,Julie Taymor,2007
983,Let's Be Cops,Luke Greenfield,2014
984,Max,Boaz Yakin,2015
985,Your Highness,David Gordon Green,2011
986,Final Destination 5,Steven Quale,2011
987,Endless Love,Shana Feste,2014
988,Martyrs,Pascal Laugier,2008
989,Selma,Ava DuVernay,2014
990,Underworld: Rise of the Lycans,Patrick Tatopoulos,2009
991,Taare Zameen Par,Aamir Khan,2007
992,Take Me Home Tonight,Michael Dowse,2011
993,Resident Evil: Afterlife,Paul W.S. Anderson,2010
994,Project X,Nima Nourizadeh,2012
995,Secret in Their Eyes,Billy Ray,2015
996,Hostel: Part II,Eli Roth,2007
997,Step Up 2: The Streets,Jon M. Chu,2008
998,Search Party,Scot Armstrong,2014
999,Nine Lives,Barry Sonnenfeld,2016
